{
  "test_accuracy": 0.926871,
  "test_loss": 0.700398,
  "per_class": {
    "battery": {
      "precision": 0.9072847682119205,
      "recall": 0.958041958041958,
      "f1-score": 0.9319727891156463,
      "support": 143.0
    },
    "biological": {
      "precision": 0.9515151515151515,
      "recall": 0.9936708860759493,
      "f1-score": 0.9721362229102167,
      "support": 158.0
    },
    "cardboard": {
      "precision": 0.9253731343283582,
      "recall": 0.8794326241134752,
      "f1-score": 0.9018181818181819,
      "support": 141.0
    },
    "clothes": {
      "precision": 0.9899117276166457,
      "recall": 0.98125,
      "f1-score": 0.9855618330194601,
      "support": 800.0
    },
    "glass": {
      "precision": 0.906801007556675,
      "recall": 0.9022556390977443,
      "f1-score": 0.9045226130653267,
      "support": 399.0
    },
    "metal": {
      "precision": 0.7626262626262627,
      "recall": 0.9207317073170732,
      "f1-score": 0.8342541436464088,
      "support": 164.0
    },
    "paper": {
      "precision": 0.8905660377358491,
      "recall": 0.8773234200743495,
      "f1-score": 0.8838951310861424,
      "support": 269.0
    },
    "plastic": {
      "precision": 0.9178885630498533,
      "recall": 0.8324468085106383,
      "f1-score": 0.8730822873082287,
      "support": 376.0
    },
    "shoes": {
      "precision": 0.9516129032258065,
      "recall": 0.9899328859060402,
      "f1-score": 0.9703947368421053,
      "support": 298.0
    },
    "trash": {
      "precision": 0.8896551724137931,
      "recall": 0.8543046357615894,
      "f1-score": 0.8716216216216216,
      "support": 151.0
    }
  },
  "macro_avg": {
    "precision": 0.9093234728280315,
    "recall": 0.9189390564898817,
    "f1-score": 0.9129259560433338,
    "support": 2899.0
  },
  "weighted_avg": {
    "precision": 0.928588947556604,
    "recall": 0.9268713349430838,
    "f1-score": 0.9268840603726246,
    "support": 2899.0
  }
}